execution_evidence_id,closure_id,trace_id,requirement_id,evidence_family,prior_state,resulting_state,evidence_report_path,implementation_artifacts,validation_evidence,reviewer_role,review_date,status,execution_transaction_id,notes
EVID-TX24-SFA-CORE-ID-001,CLOSE-SFA-CORE-ID-001-SEMANTIC-REVIEW,TRACE-SFA-CORE-ID-001,SFA-CORE-ID-001,identity_and_system_boundary_semantic_review,needs_evidence,sufficient,implementation_plans/acceptance_reports/STRATEGIC-BASELINE-MIGRATION-LOCAL-EVIDENCE-SEMANTIC-REVIEW-SFADEV-TX24.md,Sys4AI/configs/self_hosting_mode.toml;Sys4AI/registries/system_layer_registry.csv;.agents/skills/domain-pack-router/SKILL.md,Sys4AI/tests/test_prd_semantics.py;implementation_plans/acceptance_reports/STRATEGIC-BASELINE-MIGRATION-LOCAL-EVIDENCE-SEMANTIC-REVIEW-SFADEV-TX24.md,requirements_verifier,2026-07-11,accepted,TX-24-LOCAL-EVIDENCE-SEMANTIC-REVIEW,Exact current scaffold identity and domain-neutral routing evidence accepted; capability remains scaffolded and verification remains planned.
EVID-TX24-SFA-CORE-ID-002,CLOSE-SFA-CORE-ID-002-SEMANTIC-REVIEW,TRACE-SFA-CORE-ID-002,SFA-CORE-ID-002,identity_and_system_boundary_semantic_review,needs_evidence,sufficient,implementation_plans/acceptance_reports/STRATEGIC-BASELINE-MIGRATION-LOCAL-EVIDENCE-SEMANTIC-REVIEW-SFADEV-TX24.md,Sys4AI/configs/self_hosting_mode.toml;Sys4AI/registries/system_layer_registry.csv,Sys4AI/tests/test_prd_semantics.py;implementation_plans/acceptance_reports/STRATEGIC-BASELINE-MIGRATION-LOCAL-EVIDENCE-SEMANTIC-REVIEW-SFADEV-TX24.md,requirements_verifier,2026-07-11,accepted,TX-24-LOCAL-EVIDENCE-SEMANTIC-REVIEW,Exact framework target template instance and derivative boundaries accepted; capability remains scaffolded and verification remains planned.
EVID-TX24-SFA-CORE-ID-003,CLOSE-SFA-CORE-ID-003-SEMANTIC-REVIEW,TRACE-SFA-CORE-ID-003,SFA-CORE-ID-003,identity_and_system_boundary_semantic_review,needs_evidence,sufficient,implementation_plans/acceptance_reports/STRATEGIC-BASELINE-MIGRATION-LOCAL-EVIDENCE-SEMANTIC-REVIEW-SFADEV-TX24.md,.agents/skills/domain-pack-router/SKILL.md;Sys4AI/registries/role_registry.csv,Sys4AI/tests/test_prd_semantics.py;implementation_plans/acceptance_reports/STRATEGIC-BASELINE-MIGRATION-LOCAL-EVIDENCE-SEMANTIC-REVIEW-SFADEV-TX24.md,requirements_verifier,2026-07-11,accepted,TX-24-LOCAL-EVIDENCE-SEMANTIC-REVIEW,Domain-pack routing and specialist-role hooks demonstrate a neutral scaffold without establishing domain truth; capability remains scaffolded and verification remains planned.
EVID-TX24-SFA-P0-FR-001,CLOSE-SFA-P0-FR-001-SEMANTIC-REVIEW,TRACE-SFA-P0-FR-001,SFA-P0-FR-001,identity_and_system_boundary_semantic_review,needs_evidence,sufficient,implementation_plans/acceptance_reports/STRATEGIC-BASELINE-MIGRATION-LOCAL-EVIDENCE-SEMANTIC-REVIEW-SFADEV-TX24.md,Sys4AI/pyproject.toml;scripts/validate_rename.py,scripts/validate_rename.py;implementation_plans/acceptance_reports/STRATEGIC-BASELINE-MIGRATION-LOCAL-EVIDENCE-SEMANTIC-REVIEW-SFADEV-TX24.md,requirements_verifier,2026-07-11,accepted,TX-24-LOCAL-EVIDENCE-SEMANTIC-REVIEW,Package identity and tracked-tree rename audit evidence accepted; capability remains scaffolded and verification remains planned.
EVID-TX24-SFA-P0-FR-002,CLOSE-SFA-P0-FR-002-SEMANTIC-REVIEW,TRACE-SFA-P0-FR-002,SFA-P0-FR-002,identity_and_system_boundary_semantic_review,needs_evidence,sufficient,implementation_plans/acceptance_reports/STRATEGIC-BASELINE-MIGRATION-LOCAL-EVIDENCE-SEMANTIC-REVIEW-SFADEV-TX24.md,Sys4AI/configs/self_hosting_mode.toml;Sys4AI/registries/system_layer_registry.csv;Sys4AI/control_records/director_decisions/DDR-SFADEV-STRATEGIC-BASELINE-001.yaml,Sys4AI/tests/test_prd_semantics.py;implementation_plans/acceptance_reports/STRATEGIC-BASELINE-MIGRATION-LOCAL-EVIDENCE-SEMANTIC-REVIEW-SFADEV-TX24.md,requirements_verifier,2026-07-11,accepted,TX-24-LOCAL-EVIDENCE-SEMANTIC-REVIEW,Composite framework runtime host and target identity evidence accepted within the bounded self-hosting model; capability remains scaffolded and verification remains planned.
EVID-TX24-SFA-P0-FR-003,CLOSE-SFA-P0-FR-003-SEMANTIC-REVIEW,TRACE-SFA-P0-FR-003,SFA-P0-FR-003,identity_and_system_boundary_semantic_review,needs_evidence,sufficient,implementation_plans/acceptance_reports/STRATEGIC-BASELINE-MIGRATION-LOCAL-EVIDENCE-SEMANTIC-REVIEW-SFADEV-TX24.md,Sys4AI/registries/system_layer_registry.csv;Sys4AI/configs/self_hosting_mode.toml,Sys4AI/sys_for_ai/validators.py;implementation_plans/acceptance_reports/STRATEGIC-BASELINE-MIGRATION-LOCAL-EVIDENCE-SEMANTIC-REVIEW-SFADEV-TX24.md,requirements_verifier,2026-07-11,accepted,TX-24-LOCAL-EVIDENCE-SEMANTIC-REVIEW,Five controlled layer identities and fail-closed authority rules accepted as current scaffold evidence; capability remains scaffolded and verification remains planned.
EVID-TX24-SFA-P0-FR-004,CLOSE-SFA-P0-FR-004-SEMANTIC-REVIEW,TRACE-SFA-P0-FR-004,SFA-P0-FR-004,identity_and_system_boundary_semantic_review,needs_evidence,sufficient,implementation_plans/acceptance_reports/STRATEGIC-BASELINE-MIGRATION-LOCAL-EVIDENCE-SEMANTIC-REVIEW-SFADEV-TX24.md,.agents/skills/domain-pack-router/SKILL.md;Sys4AI/registries/role_registry.csv,Sys4AI/tests/test_prd_semantics.py;implementation_plans/acceptance_reports/STRATEGIC-BASELINE-MIGRATION-LOCAL-EVIDENCE-SEMANTIC-REVIEW-SFADEV-TX24.md,requirements_verifier,2026-07-11,accepted,TX-24-LOCAL-EVIDENCE-SEMANTIC-REVIEW,Domain routing and specialist hooks accepted as scaffold evidence only; no target-domain adequacy truth or acceptance is claimed.
EVID-TX26-SFA-CORE-PY-001,CLOSE-SFA-CORE-PY-001-VERIFICATION,TRACE-SFA-CORE-PY-001,SFA-CORE-PY-001,python_reference_and_dependency_policy_verification,planned,pass,implementation_plans/acceptance_reports/STRATEGIC-BASELINE-MIGRATION-LOCAL-EVIDENCE-PYTHON-PACKAGE-SFADEV-TX26.md,Sys4AI/pyproject.toml;Sys4AI/sys_for_ai,Sys4AI/sys_for_ai/python_package_surface.py;Sys4AI/tests/test_python_package_surface.py;implementation_plans/acceptance_reports/STRATEGIC-BASELINE-MIGRATION-LOCAL-EVIDENCE-PYTHON-PACKAGE-SFADEV-TX26.md,verification_engineer,2026-07-11,accepted,TX-26-LOCAL-EVIDENCE-PYTHON-PACKAGE,Current package discovery reference modules and structured-control roots passed focused and negative checks; no operational claim.
EVID-TX26-SFA-CORE-PY-002,CLOSE-SFA-CORE-PY-002-VERIFICATION,TRACE-SFA-CORE-PY-002,SFA-CORE-PY-002,python_reference_and_dependency_policy_verification,planned,pass,implementation_plans/acceptance_reports/STRATEGIC-BASELINE-MIGRATION-LOCAL-EVIDENCE-PYTHON-PACKAGE-SFADEV-TX26.md,Sys4AI/pyproject.toml;Sys4AI/requirements.txt,Sys4AI/sys_for_ai/python_package_surface.py;Sys4AI/tests/test_python_package_surface.py;implementation_plans/acceptance_reports/STRATEGIC-BASELINE-MIGRATION-LOCAL-EVIDENCE-PYTHON-PACKAGE-SFADEV-TX26.md,verification_engineer,2026-07-11,accepted,TX-26-LOCAL-EVIDENCE-PYTHON-PACKAGE,Supported Python range and exact bounded dependency policy passed; this does not claim every supported minor was exercised.
EVID-TX26-SFA-CORE-PY-003,CLOSE-SFA-CORE-PY-003-VERIFICATION,TRACE-SFA-CORE-PY-003,SFA-CORE-PY-003,python_reference_and_dependency_policy_verification,planned,pass,implementation_plans/acceptance_reports/STRATEGIC-BASELINE-MIGRATION-LOCAL-EVIDENCE-PYTHON-PACKAGE-SFADEV-TX26.md,Sys4AI/Makefile;Sys4AI/sys_for_ai/cli.py,Sys4AI/sys_for_ai/python_package_surface.py;Sys4AI/tests/test_python_package_surface.py;implementation_plans/acceptance_reports/STRATEGIC-BASELINE-MIGRATION-LOCAL-EVIDENCE-PYTHON-PACKAGE-SFADEV-TX26.md,verification_engineer,2026-07-11,accepted,TX-26-LOCAL-EVIDENCE-PYTHON-PACKAGE,Direct and activated environment import probes passed under the supported Python 3.12 local environment.
EVID-TX26-SFA-P0-NFR-015,CLOSE-SFA-P0-NFR-015-VERIFICATION,TRACE-SFA-P0-NFR-015,SFA-P0-NFR-015,python_reference_and_dependency_policy_verification,planned,pass,implementation_plans/acceptance_reports/STRATEGIC-BASELINE-MIGRATION-LOCAL-EVIDENCE-PYTHON-PACKAGE-SFADEV-TX26.md,Sys4AI/pyproject.toml;Sys4AI/requirements.txt,Sys4AI/sys_for_ai/python_package_surface.py;Sys4AI/tests/test_python_package_surface.py;implementation_plans/acceptance_reports/STRATEGIC-BASELINE-MIGRATION-LOCAL-EVIDENCE-PYTHON-PACKAGE-SFADEV-TX26.md,verification_engineer,2026-07-11,accepted,TX-26-LOCAL-EVIDENCE-PYTHON-PACKAGE,Architecture-policy check confirms only three lightweight bounded parser and schema dependency families; no heavy runtime service is declared.
